Регион,Тип города,Город,Часовой пояс
Адыгея,г,Адыгейск,UTC3
Адыгея,г,Майкоп,UTC4
Алтай,г,Горно-Алтайск,UTC9
Алтайский,г,Алейск,UTC10
Алтайский,г,Барнаул,UTC11
Алтайский,г,Белокуриха,UTC12
Алтайский,г,Бийск,UTC13
Алтайский,г,Горняк,UTC14
Алтайский,г,Заринск,UTC15
Алтайский,г,Змеиногорск,UTC16
Алтайский,г,Камень-на-Оби,UTC17
Алтайский,г,Новоалтайск,UTC18
Алтайский,г,Рубцовск,UTC19
Алтайский,г,Славгород,UTC20
Алтайский,г,Яровое,UTC21
Амурская,г,Белогорск,UTC24
Амурская,г,Благовещенск,UTC25
Амурская,г,Завитинск,UTC26
Амурская,г,Зея,UTC27
Амурская,г,Райчихинск,UTC28
Амурская,г,Свободный,UTC29
Амурская,г,Сковородино,UTC30
Амурская,г,Тында,UTC31
Амурская,г,Циолковский,UTC32
Амурская,г,Шимановск,UTC33
Архангельская,г,Архангельск,UTC28
Архангельская,г,Вельск,UTC29
Архангельская,г,Каргополь,UTC30
Архангельская,г,Коряжма,UTC31
Архангельская,г,Котлас,UTC32
Архангельская,г,Мезень,UTC33
Архангельская,г,Мирный,UTC34
Архангельская,г,Новодвинск,UTC35
Архангельская,г,Няндома,UTC36
Архангельская,г,Онега,UTC37
Архангельская,г,Северодвинск,UTC38
Архангельская,г,Сольвычегодск,UTC39
Архангельская,г,Шенкурск,UTC40
Астраханская,г,Астрахань,UTC42
Астраханская,г,Ахтубинск,UTC43
Астраханская,г,Знаменск,UTC44
Астраханская,г,Камызяк,UTC45
Астраханская,г,Нариманов,UTC46
Астраханская,г,Харабали,UTC47
Башкортостан,г,Агидель,UTC49
Башкортостан,г,Баймак,UTC50
Башкортостан,г,Белебей,UTC51
Башкортостан,г,Белорецк,UTC52
Башкортостан,г,Бирск,UTC53
Башкортостан,г,Благовещенск,UTC54
Башкортостан,г,Давлеканово,UTC55
Башкортостан,г,Дюртюли,UTC56
Башкортостан,г,Ишимбай,UTC57
Башкортостан,г,Кумертау,UTC58
Башкортостан,г,Межгорье,UTC59
Башкортостан,г,Мелеуз,UTC60
Башкортостан,г,Нефтекамск,UTC61
Башкортостан,г,Октябрьский,UTC62
Башкортостан,г,Салават,UTC63
Башкортостан,г,Сибай,UTC64
Башкортостан,г,Стерлитамак,UTC65
Башкортостан,г,Туймазы,UTC66
Башкортостан,г,Уфа,UTC67
Башкортостан,г,Учалы,UTC68
Башкортостан,г,Янаул,UTC69
Белгородская,г,Алексеевка,UTC68
Белгородская,г,Белгород,UTC69
Белгородская,г,Бирюч,UTC70
Белгородская,г,Валуйки,UTC71
Белгородская,г,Грайворон,UTC72
Белгородская,г,Губкин,UTC73
Белгородская,г,Короча,UTC74
Белгородская,г,Новый Оскол,UTC75
Белгородская,г,Старый Оскол,UTC76
Белгородская,г,Строитель,UTC77
Белгородская,г,Шебекино,UTC78
Брянская,г,Брянск,UTC79
Брянская,г,Дятьково,UTC80
Брянская,г,Жуковка,UTC81
Брянская,г,Злынка,UTC82
Брянская,г,Карачев,UTC83
Брянская,г,Клинцы,UTC84
Брянская,г,Мглин,UTC85
Брянская,г,Новозыбков,UTC86
Брянская,г,Почеп,UTC87
Брянская,г,Севск,UTC88
Брянская,г,Сельцо,UTC89
Брянская,г,Стародуб,UTC90
Брянская,г,Сураж,UTC91
Брянская,г,Трубчевск,UTC92
Брянская,г,Унеча,UTC93
Брянская,г,Фокино,UTC94
Бурятия,г,Бабушкин,UTC100
Бурятия,г,Гусиноозерск,UTC101
Бурятия,г,Закаменск,UTC102
Бурятия,г,Кяхта,UTC103
Бурятия,г,Северобайкальск,UTC104
Бурятия,г,Улан-Удэ,UTC105
Владимирская,г,Александров,UTC101
Владимирская,г,Владимир,UTC102
Владимирская,г,Вязники,UTC103
Владимирская,г,Гороховец,UTC104
Владимирская,г,Гусь-Хрустальный,UTC105
Владимирская,г,Камешково,UTC106
Владимирская,г,Карабаново,UTC107
Владимирская,г,Киржач,UTC108
Владимирская,г,Ковров,UTC109
Владимирская,г,Кольчугино,UTC110
Владимирская,г,Костерево,UTC111
Владимирская,г,Курлово,UTC112
Владимирская,г,Лакинск,UTC113
Владимирская,г,Меленки,UTC114
Владимирская,г,Муром,UTC115
Владимирская,г,Петушки,UTC116
Владимирская,г,Покров,UTC117
Владимирская,г,Радужный,UTC118
Владимирская,г,Собинка,UTC119
Владимирская,г,Струнино,UTC120
Владимирская,г,Судогда,UTC121
Владимирская,г,Суздаль,UTC122
Владимирская,г,Юрьев-Польский,UTC123
Волгоградская,г,Волгоград,UTC124
Волгоградская,г,Волжский,UTC125
Волгоградская,г,Дубовка,UTC126
Волгоградская,г,Жирновск,UTC127
Волгоградская,г,Калач-на-Дону,UTC128
Волгоградская,г,Камышин,UTC129
Волгоградская,г,Котельниково,UTC130
Волгоградская,г,Котово,UTC131
Волгоградская,г,Краснослободск,UTC132
Волгоградская,г,Ленинск,UTC133
Волгоградская,г,Михайловка,UTC134
Волгоградская,г,Николаевск,UTC135
Волгоградская,г,Новоаннинский,UTC136
Волгоградская,г,Палласовка,UTC137
Волгоградская,г,Петров Вал,UTC138
Волгоградская,г,Серафимович,UTC139
Волгоградская,г,Суровикино,UTC140
Волгоградская,г,Урюпинск,UTC141
Волгоградская,г,Фролово,UTC142
Вологодская,г,Бабаево,UTC143
Вологодская,г,Белозерск,UTC144
Вологодская,г,Великий Устюг,UTC145
Вологодская,г,Вологда,UTC146
Вологодская,г,Вытегра,UTC147
Вологодская,г,Грязовец,UTC148
Вологодская,г,Кадников,UTC149
Вологодская,г,Кириллов,UTC150
Вологодская,г,Красавино,UTC151
Вологодская,г,Никольск,UTC152
Вологодская,г,Сокол,UTC153
Вологодская,г,Тотьма,UTC154
Вологодская,г,Устюжна,UTC155
Вологодская,г,Харовск,UTC156
Вологодская,г,Череповец,UTC157
Воронежская,г,Бобров,UTC158
Воронежская,г,Богучар,UTC159
Воронежская,г,Борисоглебск,UTC160
Воронежская,г,Бутурлиновка,UTC161
Воронежская,г,Воронеж,UTC162
Воронежская,г,Калач,UTC163
Воронежская,г,Лиски,UTC164
Воронежская,г,Нововоронеж,UTC165
Воронежская,г,Новохоперск,UTC166
Воронежская,г,Острогожск,UTC167
Воронежская,г,Павловск,UTC168
Воронежская,г,Поворино,UTC169
Воронежская,г,Россошь,UTC170
Воронежская,г,Семилуки,UTC171
Воронежская,г,Эртиль,UTC172
Дагестан,г,Буйнакск,UTC173
Дагестан,г,Дагестанские Огни,UTC174
Дагестан,г,Дербент,UTC175
Дагестан,г,Избербаш,UTC176
Дагестан,г,Каспийск,UTC177
Дагестан,г,Кизилюрт,UTC178
Дагестан,г,Кизляр,UTC179
Дагестан,г,Махачкала,UTC180
Дагестан,г,Хасавюрт,UTC181
Дагестан,г,Южно-Сухокумск,UTC182
Еврейская,г,Биробиджан,UTC190
Еврейская,г,Облучье,UTC191
Забайкальский,г,Балей,UTC191
Забайкальский,г,Борзя,UTC192
Забайкальский,г,Краснокаменск,UTC193
Забайкальский,г,Могоча,UTC194
Забайкальский,г,Нерчинск,UTC195
Забайкальский,г,Петровск-Забайкальский,UTC196
Забайкальский,г,Сретенск,UTC197
Забайкальский,г,Хилок,UTC198
Забайкальский,г,Чита,UTC199
Забайкальский,г,Шилка,UTC200
Ивановская,г,Вичуга,UTC195
Ивановская,г,Гаврилов Посад,UTC196
Ивановская,г,Заволжск,UTC197
Ивановская,г,Иваново,UTC198
Ивановская,г,Кинешма,UTC199
Ивановская,г,Комсомольск,UTC200
Ивановская,г,Кохма,UTC201
Ивановская,г,Наволоки,UTC202
Ивановская,г,Плес,UTC203
Ивановская,г,Приволжск,UTC204
Ивановская,г,Пучеж,UTC205
Ивановская,г,Родники,UTC206
Ивановская,г,Тейково,UTC207
Ивановская,г,Фурманов,UTC208
Ивановская,г,Шуя,UTC209
Ивановская,г,Южа,UTC210
Ивановская,г,Юрьевец,UTC211
Ингушетия,г,Карабулак,UTC212
Ингушетия,г,Магас,UTC213
Ингушетия,г,Малгобек,UTC214
Ингушетия,г,Назрань,UTC215
Иркутская,г,Алзамай,UTC221
Иркутская,г,Ангарск,UTC222
Иркутская,г,Байкальск,UTC223
Иркутская,г,Бирюсинск,UTC224
Иркутская,г,Бодайбо,UTC225
Иркутская,г,Братск,UTC226
Иркутская,г,Вихоревка,UTC227
Иркутская,г,Железногорск-Илимский,UTC228
Иркутская,г,Зима,UTC229
Иркутская,г,Иркутск,UTC230
Иркутская,г,Киренск,UTC231
Иркутская,г,Нижнеудинск,UTC232
Иркутская,г,Саянск,UTC233
Иркутская,г,Свирск,UTC234
Иркутская,г,Слюдянка,UTC235
Иркутская,г,Тайшет,UTC236
Иркутская,г,Тулун,UTC237
Иркутская,г,Усолье-Сибирское,UTC238
Иркутская,г,Усть-Илимск,UTC239
Иркутская,г,Усть-Кут,UTC240
Иркутская,г,Черемхово,UTC241
Иркутская,г,Шелехов,UTC242
Кабардино-Балкарская,г,Баксан,UTC238
Кабардино-Балкарская,г,Майский,UTC239
Кабардино-Балкарская,г,Нальчик,UTC240
Кабардино-Балкарская,г,Нарткала,UTC241
Кабардино-Балкарская,г,Прохладный,UTC242
Кабардино-Балкарская,г,Терек,UTC243
Кабардино-Балкарская,г,Тырныауз,UTC244
Кабардино-Балкарская,г,Чегем,UTC245
Калининградская,г,Багратионовск,UTC245
Калининградская,г,Балтийск,UTC246
Калининградская,г,Гвардейск,UTC247
Калининградская,г,Гурьевск,UTC248
Калининградская,г,Гусев,UTC249
Калининградская,г,Зеленоградск,UTC250
Калининградская,г,Калининград,UTC251
Калининградская,г,Краснознаменск,UTC252
Калининградская,г,Ладушкин,UTC253
Калининградская,г,Мамоново,UTC254
Калининградская,г,Неман,UTC255
Калининградская,г,Нестеров,UTC256
Калининградская,г,Озерск,UTC257
Калининградская,г,Пионерский,UTC258
Калининградская,г,Полесск,UTC259
Калининградская,г,Правдинск,UTC260
Калининградская,г,Приморск,UTC261
Калининградская,г,Светлогорск,UTC262
Калининградская,г,Светлый,UTC263
Калининградская,г,Славск,UTC264
Калининградская,г,Советск,UTC265
Калининградская,г,Черняховск,UTC266
Калмыкия,г,Городовиковск,UTC268
Калмыкия,г,Лагань,UTC269
Калмыкия,г,Элиста,UTC270
Калужская,г,Балабаново,UTC271
Калужская,г,Белоусово,UTC272
Калужская,г,Боровск,UTC273
Калужская,г,Ермолино,UTC274
Калужская,г,Жиздра,UTC275
Калужская,г,Жуков,UTC276
Калужская,г,Калуга,UTC277
Калужская,г,Киров,UTC278
Калужская,г,Козельск,UTC279
Калужская,г,Кондрово,UTC280
Калужская,г,Кременки,UTC281
Калужская,г,Людиново,UTC282
Калужская,г,Малоярославец,UTC283
Калужская,г,Медынь,UTC284
Калужская,г,Мещовск,UTC285
Калужская,г,Мосальск,UTC286
Калужская,г,Обнинск,UTC287
Калужская,г,Сосенский,UTC288
Калужская,г,Спас-Деменск,UTC289
Калужская,г,Сухиничи,UTC290
Калужская,г,Таруса,UTC291
Калужская,г,Юхнов,UTC292
Камчатский,г,Вилючинск,UTC302
Камчатский,г,Елизово,UTC303
Камчатский,г,Петропавловск-Камчатский,UTC304
Карачаево-Черкесская,г,Карачаевск,UTC296
Карачаево-Черкесская,г,Теберда,UTC297
Карачаево-Черкесская,г,Усть-Джегута,UTC298
Карачаево-Черкесская,г,Черкесск,UTC299
Карелия,г,Беломорск,UTC300
Карелия,г,Кемь,UTC301
Карелия,г,Кондопога,UTC302
Карелия,г,Костомукша,UTC303
Карелия,г,Лахденпохья,UTC304
Карелия,г,Медвежьегорск,UTC305
Карелия,г,Олонец,UTC306
Карелия,г,Петрозаводск,UTC307
Карелия,г,Питкяранта,UTC308
Карелия,г,Пудож,UTC309
Карелия,г,Сегежа,UTC310
Карелия,г,Сортавала,UTC311
Карелия,г,Суоярви,UTC312
Кемеровская,г,Анжеро-Судженск,UTC317
Кемеровская,г,Белово,UTC318
Кемеровская,г,Березовский,UTC319
Кемеровская,г,Гурьевск,UTC320
Кемеровская,г,Калтан,UTC321
Кемеровская,г,Кемерово,UTC322
Кемеровская,г,Киселевск,UTC323
Кемеровская,г,Ленинск-Кузнецкий,UTC324
Кемеровская,г,Мариинск,UTC325
Кемеровская,г,Междуреченск,UTC326
Кемеровская,г,Мыски,UTC327
Кемеровская,г,Новокузнецк,UTC328
Кемеровская,г,Осинники,UTC329
Кемеровская,г,Полысаево,UTC330
Кемеровская,г,Прокопьевск,UTC331
Кемеровская,г,Салаир,UTC332
Кемеровская,г,Тайга,UTC333
Кемеровская,г,Таштагол,UTC334
Кемеровская,г,Топки,UTC335
Кемеровская,г,Юрга,UTC336
Кировская,г,Белая Холуница,UTC333
Кировская,г,Вятские Поляны,UTC334
Кировская,г,Зуевка,UTC335
Кировская,г,Киров,UTC336
Кировская,г,Кирово-Чепецк,UTC337
Кировская,г,Кирс,UTC338
Кировская,г,Котельнич,UTC339
Кировская,г,Луза,UTC340
Кировская,г,Малмыж,UTC341
Кировская,г,Мураши,UTC342
Кировская,г,Нолинск,UTC343
Кировская,г,Омутнинск,UTC344
Кировская,г,Орлов,UTC345
Кировская,г,Слободской,UTC346
Кировская,г,Советск,UTC347
Кировская,г,Сосновка,UTC348
Кировская,г,Уржум,UTC349
Кировская,г,Яранск,UTC350
Коми,г,Воркута,UTC351
Коми,г,Вуктыл,UTC352
Коми,г,Емва,UTC353
Коми,г,Инта,UTC354
Коми,г,Микунь,UTC355
Коми,г,Печора,UTC356
Коми,г,Сосногорск,UTC357
Коми,г,Сыктывкар,UTC358
Коми,г,Усинск,UTC359
Коми,г,Ухта,UTC360
Костромская,г,Буй,UTC361
Костромская,г,Волгореченск,UTC362
Костромская,г,Галич,UTC363
Костромская,г,Кологрив,UTC364
Костромская,г,Кострома,UTC365
Костромская,г,Макарьев,UTC366
Костромская,г,Мантурово,UTC367
Костромская,г,Нерехта,UTC368
Костромская,г,Нея,UTC369
Костромская,г,Солигалич,UTC370
Костромская,г,Чухлома,UTC371
Костромская,г,Шарья,UTC372
Краснодарский,г,Абинск,UTC373
Краснодарский,г,Анапа,UTC374
Краснодарский,г,Апшеронск,UTC375
Краснодарский,г,Армавир,UTC376
Краснодарский,г,Белореченск,UTC377
Краснодарский,г,Геленджик,UTC378
Краснодарский,г,Горячий Ключ,UTC379
Краснодарский,г,Гулькевичи,UTC380
Краснодарский,г,Ейск,UTC381
Краснодарский,г,Кореновск,UTC382
Краснодарский,г,Краснодар,UTC383
Краснодарский,г,Кропоткин,UTC384
Краснодарский,г,Крымск,UTC385
Краснодарский,г,Курганинск,UTC386
Краснодарский,г,Лабинск,UTC387
Краснодарский,г,Новокубанск,UTC388
Краснодарский,г,Новороссийск,UTC389
Краснодарский,г,Приморско-Ахтарск,UTC390
Краснодарский,г,Славянск-на-Кубани,UTC391
Краснодарский,г,Сочи,UTC392
Краснодарский,г,Темрюк,UTC393
Краснодарский,г,Тимашевск,UTC394
Краснодарский,г,Тихорецк,UTC395
Краснодарский,г,Туапсе,UTC396
Краснодарский,г,Усть-Лабинск,UTC397
Краснодарский,г,Хадыженск,UTC398
Красноярский,г,Артемовск,UTC403
Красноярский,г,Ачинск,UTC404
Красноярский,г,Боготол,UTC405
Красноярский,г,Бородино,UTC406
Красноярский,г,Дивногорск,UTC407
Красноярский,г,Дудинка,UTC408
Красноярский,г,Енисейск,UTC409
Красноярский,г,Железногорск,UTC410
Красноярский,г,Заозерный,UTC411
Красноярский,г,Зеленогорск,UTC412
Красноярский,г,Игарка,UTC413
Красноярский,г,Иланский,UTC414
Красноярский,г,Канск,UTC415
Красноярский,г,Кодинск,UTC416
Красноярский,г,Красноярск,UTC417
Красноярский,г,Лесосибирск,UTC418
Красноярский,г,Минусинск,UTC419
Красноярский,г,Назарово,UTC420
Красноярский,г,Норильск,UTC421
Красноярский,г,Сосновоборск,UTC422
Красноярский,г,Ужур,UTC423
Красноярский,г,Уяр,UTC424
Красноярский,г,Шарыпово,UTC425
Крым,г,Ялта,UTC422
Крым,г,Алушта,UTC423
Крым,г,Армянск,UTC424
Крым,г,Бахчисарай,UTC425
Крым,г,Белогорск,UTC426
Крым,г,Джанкой,UTC427
Крым,г,Евпатория,UTC428
Крым,г,Керчь,UTC429
Крым,г,Красноперекопск,UTC430
Крым,г,Саки,UTC431
Крым,г,Симферополь,UTC432
Крым,г,Старый Крым,UTC433
Крым,г,Судак,UTC434
Крым,г,Феодосия,UTC435
Крым,г,Щелкино,UTC436
Крым,г,Ялта,UTC437
Курганская,г,Далматово,UTC440
Курганская,г,Катайск,UTC441
Курганская,г,Курган,UTC442
Курганская,г,Куртамыш,UTC443
Курганская,г,Макушино,UTC444
Курганская,г,Петухово,UTC445
Курганская,г,Шадринск,UTC446
Курганская,г,Шумиха,UTC447
Курганская,г,Щучье,UTC448
Курская,г,Дмитриев,UTC447
Курская,г,Железногорск,UTC448
Курская,г,Курск,UTC449
Курская,г,Курчатов,UTC450
Курская,г,Льгов,UTC451
Курская,г,Обоянь,UTC452
Курская,г,Рыльск,UTC453
Курская,г,Суджа,UTC454
Курская,г,Фатеж,UTC455
Курская,г,Щигры,UTC456
Ленинградская,г,Бокситогорск,UTC457
Ленинградская,г,Волосово,UTC458
Ленинградская,г,Волхов,UTC459
Ленинградская,г,Всеволожск,UTC460
Ленинградская,г,Выборг,UTC461
Ленинградская,г,Высоцк,UTC462
Ленинградская,г,Гатчина,UTC463
Ленинградская,г,Ивангород,UTC464
Ленинградская,г,Каменногорск,UTC465
Ленинградская,г,Кингисепп,UTC466
Ленинградская,г,Кириши,UTC467
Ленинградская,г,Кировск,UTC468
Ленинградская,г,Коммунар,UTC469
Ленинградская,г,Лодейное Поле,UTC470
Ленинградская,г,Луга,UTC471
Ленинградская,г,Любань,UTC472
Ленинградская,г,Никольское,UTC473
Ленинградская,г,Новая Ладога,UTC474
Ленинградская,г,Отрадное,UTC475
Ленинградская,г,Пикалево,UTC476
Ленинградская,г,Подпорожье,UTC477
Ленинградская,г,Приморск,UTC478
Ленинградская,г,Приозерск,UTC479
Ленинградская,г,Светогорск,UTC480
Ленинградская,г,Сертолово,UTC481
Ленинградская,г,Сланцы,UTC482
Ленинградская,г,Сосновый Бор,UTC483
Ленинградская,г,Сясьстрой,UTC484
Ленинградская,г,Тихвин,UTC485
Ленинградская,г,Тосно,UTC486
Ленинградская,г,Шлиссельбург,UTC487
Липецкая,г,Грязи,UTC488
Липецкая,г,Данков,UTC489
Липецкая,г,Елец,UTC490
Липецкая,г,Задонск,UTC491
Липецкая,г,Лебедянь,UTC492
Липецкая,г,Липецк,UTC493
Липецкая,г,Усмань,UTC494
Липецкая,г,Чаплыгин,UTC495
Магаданская,г,Магадан,UTC504
Магаданская,г,Сусуман,UTC505
Марий Эл,г,Волжск,UTC498
Марий Эл,г,Звенигово,UTC499
Марий Эл,г,Йошкар-Ола,UTC500
Марий Эл,г,Козьмодемьянск,UTC501
Мордовия,г,Ардатов,UTC502
Мордовия,г,Инсар,UTC503
Мордовия,г,Ковылкино,UTC504
Мордовия,г,Краснослободск,UTC505
Мордовия,г,Рузаевка,UTC506
Мордовия,г,Саранск,UTC507
Мордовия,г,Темников,UTC508
Москва,,,UTC509
Московская,г,Апрелевка,UTC510
Московская,г,Балашиха,UTC511
Московская,г,Бронницы,UTC512
Московская,г,Верея,UTC513
Московская,г,Видное,UTC514
Московская,г,Волоколамск,UTC515
Московская,г,Воскресенск,UTC516
Московская,г,Высоковск,UTC517
Московская,г,Голицыно,UTC518
Московская,г,Дедовск,UTC519
Московская,г,Дзержинский,UTC520
Московская,г,Дмитров,UTC521
Московская,г,Долгопрудный,UTC522
Московская,г,Домодедово,UTC523
Московская,г,Дрезна,UTC524
Московская,г,Дубна,UTC525
Московская,г,Егорьевск,UTC526
Московская,г,Жуковский,UTC527
Московская,г,Зарайск,UTC528
Московская,г,Звенигород,UTC529
Московская,г,Ивантеевка,UTC530
Московская,г,Истра,UTC531
Московская,г,Кашира,UTC532
Московская,г,Клин,UTC533
Московская,г,Коломна,UTC534
Московская,г,Королев,UTC535
Московская,г,Котельники,UTC536
Московская,г,Красноармейск,UTC537
Московская,г,Красногорск,UTC538
Московская,г,Краснозаводск,UTC539
Московская,г,Краснознаменск,UTC540
Московская,г,Кубинка,UTC541
Московская,г,Куровское,UTC542
Московская,г,Ликино-Дулево,UTC543
Московская,г,Лобня,UTC544
Московская,г,Лосино-Петровский,UTC545
Московская,г,Луховицы,UTC546
Московская,г,Лыткарино,UTC547
Московская,г,Люберцы,UTC548
Московская,г,Можайск,UTC549
Московская,г,Мытищи,UTC550
Московская,г,Наро-Фоминск,UTC551
Московская,г,Ногинск,UTC552
Московская,г,Одинцово,UTC553
Московская,г,Озеры,UTC554
Московская,г,Орехово-Зуево,UTC555
Московская,г,Павловский Посад,UTC556
Московская,г,Пересвет,UTC557
Московская,г,Подольск,UTC558
Московская,г,Протвино,UTC559
Московская,г,Пушкино,UTC560
Московская,г,Пущино,UTC561
Московская,г,Раменское,UTC562
Московская,г,Реутов,UTC563
Московская,г,Рошаль,UTC564
Московская,г,Руза,UTC565
Московская,г,Сергиев Посад,UTC566
Московская,г,Серпухов,UTC567
Московская,г,Солнечногорск,UTC568
Московская,г,Старая Купавна,UTC569
Московская,г,Ступино,UTC570
Московская,г,Талдом,UTC571
Московская,г,Фрязино,UTC572
Московская,г,Химки,UTC573
Московская,г,Хотьково,UTC574
Московская,г,Черноголовка,UTC575
Московская,г,Чехов,UTC576
Московская,г,Шатура,UTC577
Московская,г,Щелково,UTC578
Московская,г,Электрогорск,UTC579
Московская,г,Электросталь,UTC580
Московская,г,Электроугли,UTC581
Московская,г,Яхрома,UTC582
Мурманская,г,Апатиты,UTC583
Мурманская,г,Гаджиево,UTC584
Мурманская,г,Заозерск,UTC585
Мурманская,г,Заполярный,UTC586
Мурманская,г,Кандалакша,UTC587
Мурманская,г,Кировск,UTC588
Мурманская,г,Ковдор,UTC589
Мурманская,г,Кола,UTC590
Мурманская,г,Мончегорск,UTC591
Мурманская,г,Мурманск,UTC592
Мурманская,г,Оленегорск,UTC593
Мурманская,г,Островной,UTC594
Мурманская,г,Полярные Зори,UTC595
Мурманская,г,Полярный,UTC596
Мурманская,г,Североморск,UTC597
Мурманская,г,Снежногорск,UTC598
Ненецкий,г,Нарьян-Мар,UTC599
Нижегородская,г,Арзамас,UTC600
Нижегородская,г,Балахна,UTC601
Нижегородская,г,Богородск,UTC602
Нижегородская,г,Бор,UTC603
Нижегородская,г,Ветлуга,UTC604
Нижегородская,г,Володарск,UTC605
Нижегородская,г,Ворсма,UTC606
Нижегородская,г,Выкса,UTC607
Нижегородская,г,Горбатов,UTC608
Нижегородская,г,Городец,UTC609
Нижегородская,г,Дзержинск,UTC610
Нижегородская,г,Заволжье,UTC611
Нижегородская,г,Княгинино,UTC612
Нижегородская,г,Кстово,UTC613
Нижегородская,г,Кулебаки,UTC614
Нижегородская,г,Лукоянов,UTC615
Нижегородская,г,Лысково,UTC616
Нижегородская,г,Навашино,UTC617
Нижегородская,г,Нижний Новгород,UTC618
Нижегородская,г,Павлово,UTC619
Нижегородская,г,Первомайск,UTC620
Нижегородская,г,Перевоз,UTC621
Нижегородская,г,Саров,UTC622
Нижегородская,г,Семенов,UTC623
Нижегородская,г,Сергач,UTC624
Нижегородская,г,Урень,UTC625
Нижегородская,г,Чкаловск,UTC626
Нижегородская,г,Шахунья,UTC627
Новгородская,г,Боровичи,UTC628
Новгородская,г,Валдай,UTC629
Новгородская,г,Великий Новгород,UTC630
Новгородская,г,Малая Вишера,UTC631
Новгородская,г,Окуловка,UTC632
Новгородская,г,Пестово,UTC633
Новгородская,г,Сольцы,UTC634
Новгородская,г,Старая Русса,UTC635
Новгородская,г,Холм,UTC636
Новгородская,г,Чудово,UTC637
Новосибирская,г,Барабинск,UTC642
Новосибирская,г,Бердск,UTC643
Новосибирская,г,Болотное,UTC644
Новосибирская,г,Искитим,UTC645
Новосибирская,г,Карасук,UTC646
Новосибирская,г,Каргат,UTC647
Новосибирская,г,Куйбышев,UTC648
Новосибирская,г,Купино,UTC649
Новосибирская,г,Новосибирск,UTC650
Новосибирская,г,Обь,UTC651
Новосибирская,г,Татарск,UTC652
Новосибирская,г,Тогучин,UTC653
Новосибирская,г,Черепаново,UTC654
Новосибирская,г,Чулым,UTC655
Омская,г,Исилькуль,UTC655
Омская,г,Калачинск,UTC656
Омская,г,Называевск,UTC657
Омская,г,Омск,UTC658
Омская,г,Тара,UTC659
Омская,г,Тюкалинск,UTC660
Оренбургская,г,Абдулино,UTC660
Оренбургская,г,Бугуруслан,UTC661
Оренбургская,г,Бузулук,UTC662
Оренбургская,г,Гай,UTC663
Оренбургская,г,Кувандык,UTC664
Оренбургская,г,Медногорск,UTC665
Оренбургская,г,Новотроицк,UTC666
Оренбургская,г,Оренбург,UTC667
Оренбургская,г,Орск,UTC668
Оренбургская,г,Соль-Илецк,UTC669
Оренбургская,г,Сорочинск,UTC670
Оренбургская,г,Ясный,UTC671
Орловская,г,Болхов,UTC670
Орловская,г,Дмитровск,UTC671
Орловская,г,Ливны,UTC672
Орловская,г,Малоархангельск,UTC673
Орловская,г,Мценск,UTC674
Орловская,г,Новосиль,UTC675
Орловская,г,Орёл,UTC676
Пензенская,г,Белинский,UTC677
Пензенская,г,Городище,UTC678
Пензенская,г,Заречный,UTC679
Пензенская,г,Каменка,UTC680
Пензенская,г,Кузнецк,UTC681
Пензенская,г,Нижний Ломов,UTC682
Пензенская,г,Никольск,UTC683
Пензенская,г,Пенза,UTC684
Пензенская,г,Сердобск,UTC685
Пензенская,г,Спасск,UTC686
Пензенская,г,Сурск,UTC687
Пермский,г,Александровск,UTC690
Пермский,г,Березники,UTC691
Пермский,г,Верещагино,UTC692
Пермский,г,Горнозаводск,UTC693
Пермский,г,Гремячинск,UTC694
Пермский,г,Губаха,UTC695
Пермский,г,Добрянка,UTC696
Пермский,г,Кизел,UTC697
Пермский,г,Красновишерск,UTC698
Пермский,г,Краснокамск,UTC699
Пермский,г,Кудымкар,UTC700
Пермский,г,Кунгур,UTC701
Пермский,г,Лысьва,UTC702
Пермский,г,Нытва,UTC703
Пермский,г,Оса,UTC704
Пермский,г,Оханск,UTC705
Пермский,г,Очер,UTC706
Пермский,г,Пермь,UTC707
Пермский,г,Соликамск,UTC708
Пермский,г,Усолье,UTC709
Пермский,г,Чайковский,UTC710
Пермский,г,Чердынь,UTC711
Пермский,г,Чермоз,UTC712
Пермский,г,Чернушка,UTC713
Пермский,г,Чусовой,UTC714
Приморский,г,Арсеньев,UTC720
Приморский,г,Артем,UTC721
Приморский,г,Большой Камень,UTC722
Приморский,г,Владивосток,UTC723
Приморский,г,Дальнегорск,UTC724
Приморский,г,Дальнереченск,UTC725
Приморский,г,Лесозаводск,UTC726
Приморский,г,Находка,UTC727
Приморский,г,Партизанск,UTC728
Приморский,г,Спасск-Дальний,UTC729
Приморский,г,Уссурийск,UTC730
Приморский,г,Фокино,UTC731
Псковская,г,Великие Луки,UTC725
Псковская,г,Гдов,UTC726
Псковская,г,Дно,UTC727
Псковская,г,Невель,UTC728
Псковская,г,Новоржев,UTC729
Псковская,г,Новосокольники,UTC730
Псковская,г,Опочка,UTC731
Псковская,г,Остров,UTC732
Псковская,г,Печоры,UTC733
Псковская,г,Порхов,UTC734
Псковская,г,Псков,UTC735
Псковская,г,Пустошка,UTC736
Псковская,г,Пыталово,UTC737
Псковская,г,Себеж,UTC738
Ростовская,г,Азов,UTC739
Ростовская,г,Аксай,UTC740
Ростовская,г,Батайск,UTC741
Ростовская,г,Белая Калитва,UTC742
Ростовская,г,Волгодонск,UTC743
Ростовская,г,Гуково,UTC744
Ростовская,г,Донецк,UTC745
Ростовская,г,Зверево,UTC746
Ростовская,г,Зерноград,UTC747
Ростовская,г,Каменск-Шахтинский,UTC748
Ростовская,г,Константиновск,UTC749
Ростовская,г,Красный Сулин,UTC750
Ростовская,г,Миллерово,UTC751
Ростовская,г,Морозовск,UTC752
Ростовская,г,Новочеркасск,UTC753
Ростовская,г,Новошахтинск,UTC754
Ростовская,г,Пролетарск,UTC755
Ростовская,г,Ростов-на-Дону,UTC756
Ростовская,г,Сальск,UTC757
Ростовская,г,Семикаракорск,UTC758
Ростовская,г,Таганрог,UTC759
Ростовская,г,Цимлянск,UTC760
Ростовская,г,Шахты,UTC761
Рязанская,г,Касимов,UTC762
Рязанская,г,Кораблино,UTC763
Рязанская,г,Михайлов,UTC764
Рязанская,г,Новомичуринск,UTC765
Рязанская,г,Рыбное,UTC766
Рязанская,г,Ряжск,UTC767
Рязанская,г,Рязань,UTC768
Рязанская,г,Сасово,UTC769
Рязанская,г,Скопин,UTC770
Рязанская,г,Спас-Клепики,UTC771
Рязанская,г,Спасск-Рязанский,UTC772
Рязанская,г,Шацк,UTC773
Самарская,г,Жигулевск,UTC775
Самарская,г,Кинель,UTC776
Самарская,г,Нефтегорск,UTC777
Самарская,г,Новокуйбышевск,UTC778
Самарская,г,Октябрьск,UTC779
Самарская,г,Отрадный,UTC780
Самарская,г,Похвистнево,UTC781
Самарская,г,Самара,UTC782
Самарская,г,Сызрань,UTC783
Самарская,г,Тольятти,UTC784
Самарская,г,Чапаевск,UTC785
Санкт-Петербург,,,UTC785
Саратовская,г,Аркадак,UTC787
Саратовская,г,Аткарск,UTC788
Саратовская,г,Балаково,UTC789
Саратовская,г,Балашов,UTC790
Саратовская,г,Вольск,UTC791
Саратовская,г,Ершов,UTC792
Саратовская,г,Калининск,UTC793
Саратовская,г,Красноармейск,UTC794
Саратовская,г,Красный Кут,UTC795
Саратовская,г,Маркс,UTC796
Саратовская,г,Новоузенск,UTC797
Саратовская,г,Петровск,UTC798
Саратовская,г,Пугачев,UTC799
Саратовская,г,Ртищево,UTC800
Саратовская,г,Саратов,UTC801
Саратовская,г,Хвалынск,UTC802
Саратовская,г,Шиханы,UTC803
Саратовская,г,Энгельс,UTC804
Сахалинская,г,Александровск-Сахалинский,UTC812
Сахалинская,г,Анива,UTC813
Сахалинская,г,Долинск,UTC814
Сахалинская,г,Корсаков,UTC815
Сахалинская,г,Курильск,UTC816
Сахалинская,г,Макаров,UTC817
Сахалинская,г,Невельск,UTC818
Сахалинская,г,Оха,UTC819
Сахалинская,г,Поронайск,UTC820
Сахалинская,г,Северо-Курильск,UTC821
Сахалинская,г,Томари,UTC822
Сахалинская,г,Углегорск,UTC823
Сахалинская,г,Холмск,UTC824
Сахалинская,г,Южно-Сахалинск,UTC825
Свердловская,г,Алапаевск,UTC820
Свердловская,г,Арамиль,UTC821
Свердловская,г,Артемовский,UTC822
Свердловская,г,Асбест,UTC823
Свердловская,г,Березовский,UTC824
Свердловская,г,Богданович,UTC825
Свердловская,г,Верхний Тагил,UTC826
Свердловская,г,Верхняя Пышма,UTC827
Свердловская,г,Верхняя Салда,UTC828
Свердловская,г,Верхняя Тура,UTC829
Свердловская,г,Верхотурье,UTC830
Свердловская,г,Волчанск,UTC831
Свердловская,г,Дегтярск,UTC832
Свердловская,г,Екатеринбург,UTC833
Свердловская,г,Заречный,UTC834
Свердловская,г,Ивдель,UTC835
Свердловская,г,Ирбит,UTC836
Свердловская,г,Каменск-Уральский,UTC837
Свердловская,г,Камышлов,UTC838
Свердловская,г,Карпинск,UTC839
Свердловская,г,Качканар,UTC840
Свердловская,г,Кировград,UTC841
Свердловская,г,Краснотурьинск,UTC842
Свердловская,г,Красноуральск,UTC843
Свердловская,г,Красноуфимск,UTC844
Свердловская,г,Кушва,UTC845
Свердловская,г,Лесной,UTC846
Свердловская,г,Михайловск,UTC847
Свердловская,г,Невьянск,UTC848
Свердловская,г,Нижние Серги,UTC849
Свердловская,г,Нижний Тагил,UTC850
Свердловская,г,Нижняя Салда,UTC851
Свердловская,г,Нижняя Тура,UTC852
Свердловская,г,Новая Ляля,UTC853
Свердловская,г,Новоуральск,UTC854
Свердловская,г,Первоуральск,UTC855
Свердловская,г,Полевской,UTC856
Свердловская,г,Ревда,UTC857
Свердловская,г,Реж,UTC858
Свердловская,г,Североуральск,UTC859
Свердловская,г,Серов,UTC860
Свердловская,г,Среднеуральск,UTC861
Свердловская,г,Сухой Лог,UTC862
Свердловская,г,Сысерть,UTC863
Свердловская,г,Тавда,UTC864
Свердловская,г,Талица,UTC865
Свердловская,г,Туринск,UTC866
Севастополь,г,Инкерман,UTC865
Севастополь,,,UTC866
Северная Осетия - Алания,г,Алагир,UTC867
Северная Осетия - Алания,г,Ардон,UTC868
Северная Осетия - Алания,г,Беслан,UTC869
Северная Осетия - Алания,г,Владикавказ,UTC870
Северная Осетия - Алания,г,Дигора,UTC871
Северная Осетия - Алания,г,Моздок,UTC872
Смоленская,г,Велиж,UTC873
Смоленская,г,Вязьма,UTC874
Смоленская,г,Гагарин,UTC875
Смоленская,г,Демидов,UTC876
Смоленская,г,Десногорск,UTC877
Смоленская,г,Дорогобуж,UTC878
Смоленская,г,Духовщина,UTC879
Смоленская,г,Ельня,UTC880
Смоленская,г,Починок,UTC881
Смоленская,г,Рославль,UTC882
Смоленская,г,Рудня,UTC883
Смоленская,г,Сафоново,UTC884
Смоленская,г,Смоленск,UTC885
Смоленская,г,Сычевка,UTC886
Смоленская,г,Ярцево,UTC887
Ставропольский,г,Благодарный,UTC888
Ставропольский,г,Буденновск,UTC889
Ставропольский,г,Георгиевск,UTC890
Ставропольский,г,Ессентуки,UTC891
Ставропольский,г,Железноводск,UTC892
Ставропольский,г,Зеленокумск,UTC893
Ставропольский,г,Изобильный,UTC894
Ставропольский,г,Ипатово,UTC895
Ставропольский,г,Кисловодск,UTC896
Ставропольский,г,Лермонтов,UTC897
Ставропольский,г,Минеральные Воды,UTC898
Ставропольский,г,Михайловск,UTC899
Ставропольский,г,Невинномысск,UTC900
Ставропольский,г,Нефтекумск,UTC901
Ставропольский,г,Новоалександровск,UTC902
Ставропольский,г,Новопавловск,UTC903
Ставропольский,г,Пятигорск,UTC904
Ставропольский,г,Светлоград,UTC905
Ставропольский,г,Ставрополь,UTC906
Тамбовская,г,Жердевка,UTC907
Тамбовская,г,Кирсанов,UTC908
Тамбовская,г,Котовск,UTC909
Тамбовская,г,Мичуринск,UTC910
Тамбовская,г,Моршанск,UTC911
Тамбовская,г,Рассказово,UTC912
Тамбовская,г,Тамбов,UTC913
Тамбовская,г,Уварово,UTC914
Татарстан,г,Агрыз,UTC915
Татарстан,г,Азнакаево,UTC916
Татарстан,г,Альметьевск,UTC917
Татарстан,г,Арск,UTC918
Татарстан,г,Бавлы,UTC919
Татарстан,г,Болгар,UTC920
Татарстан,г,Бугульма,UTC921
Татарстан,г,Буинск,UTC922
Татарстан,г,Елабуга,UTC923
Татарстан,г,Заинск,UTC924
Татарстан,г,Зеленодольск,UTC925
Татарстан,г,Иннополис,UTC926
Татарстан,г,Казань,UTC927
Татарстан,г,Лаишево,UTC928
Татарстан,г,Лениногорск,UTC929
Татарстан,г,Мамадыш,UTC930
Татарстан,г,Менделеевск,UTC931
Татарстан,г,Мензелинск,UTC932
Татарстан,г,Набережные Челны,UTC933
Татарстан,г,Нижнекамск,UTC934
Татарстан,г,Нурлат,UTC935
Татарстан,г,Тетюши,UTC936
Татарстан,г,Чистополь,UTC937
Тверская,г,Андреаполь,UTC938
Тверская,г,Бежецк,UTC939
Тверская,г,Белый,UTC940
Тверская,г,Бологое,UTC941
Тверская,г,Весьегонск,UTC942
Тверская,г,Вышний Волочек,UTC943
Тверская,г,Западная Двина,UTC944
Тверская,г,Зубцов,UTC945
Тверская,г,Калязин,UTC946
Тверская,г,Кашин,UTC947
Тверская,г,Кимры,UTC948
Тверская,г,Конаково,UTC949
Тверская,г,Красный Холм,UTC950
Тверская,г,Кувшиново,UTC951
Тверская,г,Лихославль,UTC952
Тверская,г,Нелидово,UTC953
Тверская,г,Осташков,UTC954
Тверская,г,Ржев,UTC955
Тверская,г,Старица,UTC956
Тверская,г,Тверь,UTC957
Тверская,г,Торжок,UTC958
Тверская,г,Торопец,UTC959
Тверская,г,Удомля,UTC960
Томская,г,Асино,UTC965
Томская,г,Кедровый,UTC966
Томская,г,Колпашево,UTC967
Томская,г,Северск,UTC968
Томская,г,Стрежевой,UTC969
Томская,г,Томск,UTC970
Тульская,г,Алексин,UTC967
Тульская,г,Белев,UTC968
Тульская,г,Богородицк,UTC969
Тульская,г,Болохово,UTC970
Тульская,г,Венев,UTC971
Тульская,г,Донской,UTC972
Тульская,г,Ефремов,UTC973
Тульская,г,Кимовск,UTC974
Тульская,г,Киреевск,UTC975
Тульская,г,Липки,UTC976
Тульская,г,Новомосковск,UTC977
Тульская,г,Плавск,UTC978
Тульская,г,Советск,UTC979
Тульская,г,Суворов,UTC980
Тульская,г,Тула,UTC981
Тульская,г,Узловая,UTC982
Тульская,г,Чекалин,UTC983
Тульская,г,Щекино,UTC984
Тульская,г,Ясногорск,UTC985
Тыва,г,Ак-Довурак,UTC990
Тыва,г,Кызыл,UTC991
Тыва,г,Туран,UTC992
Тыва,г,Чадан,UTC993
Тыва,г,Шагонар,UTC994
Тюменская,г,Заводоуковск,UTC993
Тюменская,г,Ишим,UTC994
Тюменская,г,Тобольск,UTC995
Тюменская,г,Тюмень,UTC996
Тюменская,г,Ялуторовск,UTC997
Удмуртская,г,Воткинск,UTC997
Удмуртская,г,Глазов,UTC998
Удмуртская,г,Ижевск,UTC999
Удмуртская,г,Камбарка,UTC1000
Удмуртская,г,Можга,UTC1001
Удмуртская,г,Сарапул,UTC1002
Ульяновская,г,Барыш,UTC1003
Ульяновская,г,Димитровград,UTC1004
Ульяновская,г,Инза,UTC1005
Ульяновская,г,Новоульяновск,UTC1006
Ульяновская,г,Сенгилей,UTC1007
Ульяновская,г,Ульяновск,UTC1008
Хабаровский,г,Амурск,UTC1015
Хабаровский,г,Бикин,UTC1016
Хабаровский,г,Вяземский,UTC1017
Хабаровский,г,Комсомольск-на-Амуре,UTC1018
Хабаровский,г,Николаевск-на-Амуре,UTC1019
Хабаровский,г,Советская Гавань,UTC1020
Хабаровский,г,Хабаровск,UTC1021
Хакасия,г,Абаза,UTC1019
Хакасия,г,Абакан,UTC1020
Хакасия,г,Саяногорск,UTC1021
Хакасия,г,Сорск,UTC1022
Хакасия,г,Черногорск,UTC1023
Ханты-Мансийский Автономный округ - Югра,г,Белоярский,UTC1022
Ханты-Мансийский Автономный округ - Югра,г,Когалым,UTC1023
Ханты-Мансийский Автономный округ - Югра,г,Лангепас,UTC1024
Ханты-Мансийский Автономный округ - Югра,г,Лянтор,UTC1025
Ханты-Мансийский Автономный округ - Югра,г,Мегион,UTC1026
Ханты-Мансийский Автономный округ - Югра,г,Нефтеюганск,UTC1027
Ханты-Мансийский Автономный округ - Югра,г,Нижневартовск,UTC1028
Ханты-Мансийский Автономный округ - Югра,г,Нягань,UTC1029
Ханты-Мансийский Автономный округ - Югра,г,Покачи,UTC1030
Ханты-Мансийский Автономный округ - Югра,г,Пыть-Ях,UTC1031
Ханты-Мансийский Автономный округ - Югра,г,Радужный,UTC1032
Ханты-Мансийский Автономный округ - Югра,г,Советский,UTC1033
Ханты-Мансийский Автономный округ - Югра,г,Сургут,UTC1034
Ханты-Мансийский Автономный округ - Югра,г,Урай,UTC1035
Ханты-Мансийский Автономный округ - Югра,г,Ханты-Мансийск,UTC1036
Ханты-Мансийский Автономный округ - Югра,г,Югорск,UTC1037
Челябинская,г,Аша,UTC1038
Челябинская,г,Бакал,UTC1039
Челябинская,г,Верхнеуральск,UTC1040
Челябинская,г,Верхний Уфалей,UTC1041
Челябинская,г,Еманжелинск,UTC1042
Челябинская,г,Златоуст,UTC1043
Челябинская,г,Карабаш,UTC1044
Челябинская,г,Карталы,UTC1045
Челябинская,г,Касли,UTC1046
Челябинская,г,Катав-Ивановск,UTC1047
Челябинская,г,Копейск,UTC1048
Челябинская,г,Коркино,UTC1049
Челябинская,г,Куса,UTC1050
Челябинская,г,Кыштым,UTC1051
Челябинская,г,Магнитогорск,UTC1052
Челябинская,г,Миасс,UTC1053
Челябинская,г,Миньяр,UTC1054
Челябинская,г,Нязепетровск,UTC1055
Челябинская,г,Озерск,UTC1056
Челябинская,г,Пласт,UTC1057
Челябинская,г,Сатка,UTC1058
Челябинская,г,Сим,UTC1059
Челябинская,г,Снежинск,UTC1060
Челябинская,г,Трехгорный,UTC1061
Челябинская,г,Троицк,UTC1062
Челябинская,г,Усть-Катав,UTC1063
Челябинская,г,Чебаркуль,UTC1064
Челябинская,г,Челябинск,UTC1065
Челябинская,г,Южноуральск,UTC1066
Челябинская,г,Юрюзань,UTC1067
Чеченская,г,Аргун,UTC1066
Чеченская,г,Грозный,UTC1067
Чеченская,г,Гудермес,UTC1068
Чеченская,,,UTC1069
Чеченская,г,Шали,UTC1070
Чувашская Республика,г,Алатырь,UTC1071
Чувашская Республика,г,Канаш,UTC1072
Чувашская Республика,г,Козловка,UTC1073
Чувашская Республика,г,Мариинский Посад,UTC1074
Чувашская Республика,г,Новочебоксарск,UTC1075
Чувашская Республика,г,Цивильск,UTC1076
Чувашская Республика,г,Чебоксары,UTC1077
Чувашская Республика,г,Шумерля,UTC1078
Чувашская Республика,г,Ядрин,UTC1079
Чукотский,г,Анадырь,UTC1089
Чукотский,г,Билибино,UTC1090
Чукотский,г,Певек,UTC1091
Саха /Якутия/,г,Алдан,UTC1089
Саха /Якутия/,г,Верхоянск,UTC1091
Саха /Якутия/,г,Вилюйск,UTC1091
Саха /Якутия/,г,Ленск,UTC1092
Саха /Якутия/,г,Мирный,UTC1093
Саха /Якутия/,г,Нерюнгри,UTC1094
Саха /Якутия/,г,Нюрба,UTC1095
Саха /Якутия/,г,Олекминск,UTC1096
Саха /Якутия/,г,Покровск,UTC1097
Саха /Якутия/,г,Среднеколымск,UTC1100
Саха /Якутия/,г,Томмот,UTC1099
Саха /Якутия/,г,Удачный,UTC1100
Саха /Якутия/,г,Якутск,UTC1101
Ямало-Ненецкий,г,Губкинский,UTC1098
Ямало-Ненецкий,г,Лабытнанги,UTC1099
Ямало-Ненецкий,г,Муравленко,UTC1100
Ямало-Ненецкий,г,Надым,UTC1101
Ямало-Ненецкий,г,Новый Уренгой,UTC1102
Ямало-Ненецкий,г,Ноябрьск,UTC1103
Ямало-Ненецкий,г,Салехард,UTC1104
Ямало-Ненецкий,г,Тарко-Сале,UTC1105
Ярославская,г,Гаврилов-Ям,UTC1104
Ярославская,г,Данилов,UTC1105
Ярославская,г,Любим,UTC1106
Ярославская,г,Мышкин,UTC1107
Ярославская,г,Переславль-Залесский,UTC1108
Ярославская,г,Пошехонье,UTC1109
Ярославская,г,Ростов,UTC1110
Ярославская,г,Рыбинск,UTC1111
Ярославская,г,Тутаев,UTC1112
Ярославская,г,Углич,UTC1113
Ярославская,г,Ярославль,UTC1114
